timestamp,commit,category,file
2026-07-16T02:25:52Z,0051b22,io,core/io/copy_stream_spec.rb
2026-07-16T02:25:52Z,0051b22,io,core/io/select_spec.rb
2026-07-16T03:25:32Z,a74d6e9,io,core/io/copy_stream_spec.rb
2026-07-16T03:25:32Z,a74d6e9,io,core/io/select_spec.rb
2026-07-16T03:40:27Z,959f4ea,io,core/io/copy_stream_spec.rb
2026-07-16T03:40:27Z,959f4ea,io,core/io/select_spec.rb
2026-07-16T05:00:43Z,62f8a78,io,core/io/copy_stream_spec.rb
2026-07-16T05:00:43Z,62f8a78,io,core/io/select_spec.rb
2026-07-16T05:40:12Z,fcda7c5,io,core/io/copy_stream_spec.rb
2026-07-16T05:40:12Z,fcda7c5,io,core/io/select_spec.rb
2026-07-16T08:17:18Z,e66220e,io,core/io/copy_stream_spec.rb
2026-07-16T08:17:18Z,e66220e,io,core/io/select_spec.rb
2026-07-16T23:13:55Z,8ecda5e,io,core/io/copy_stream_spec.rb
2026-07-16T23:13:55Z,8ecda5e,io,core/io/select_spec.rb
2026-07-16T23:15:58Z,44f4023,file,core/file/flock_spec.rb
2026-07-16T23:15:58Z,44f4023,file,core/file/open_spec.rb
2026-07-16T23:15:58Z,44f4023,mutex,core/mutex/lock_spec.rb
2026-07-16T23:15:58Z,44f4023,thread,core/thread/list_spec.rb
2026-07-16T23:15:58Z,44f4023,thread,core/thread/report_on_exception_spec.rb
