timestamp,commit,benchmark,monoruby_ips,yjit_ips,ratio
2026-05-06T12:35:31Z,3169b30,fib,20.7080,21.8380,0.9483
2026-05-06T12:35:31Z,3169b30,nbody,8.1140,2.8840,2.8135
2026-05-06T12:35:31Z,3169b30,mandelbrot,16.1800,0.9990,16.1962
2026-05-06T12:35:31Z,3169b30,bf,0.0390,0.0030,13.0000
2026-05-06T12:35:31Z,3169b30,nqueen,0.1060,0.0070,15.1429
2026-05-06T12:35:31Z,3169b30,sudoku,0.0810,0.0400,2.0250
2026-05-06T12:35:31Z,3169b30,matmul,0.0330,0.0120,2.7500
2026-05-06T16:11:33Z,382ab7a,30k_ifelse,318.4056,92.8571,0.2916,false,false
2026-05-06T16:11:33Z,382ab7a,30k_methods,181.8498,60.2384,0.3313,false,false
2026-05-06T16:11:33Z,382ab7a,activerecord,,106.7712,,true,false
2026-05-06T16:11:33Z,382ab7a,addressable-equality,931.0990,515.1550,0.5533,false,false
2026-05-06T16:11:33Z,382ab7a,addressable-getters,192.5717,126.7801,0.6584,false,false
2026-05-06T16:11:33Z,382ab7a,addressable-join,418.5501,263.0146,0.6284,false,false
2026-05-06T16:11:33Z,382ab7a,addressable-merge,244.9197,113.9599,0.4653,false,false
2026-05-06T16:11:33Z,382ab7a,addressable-new,98.1252,54.2911,0.5533,false,false
2026-05-06T16:11:33Z,382ab7a,addressable-normalize,512.0997,291.5611,0.5693,false,false
2026-05-06T16:11:33Z,382ab7a,addressable-parse,312.7937,198.1216,0.6334,false,false
2026-05-06T16:11:33Z,382ab7a,addressable-setters,177.3761,109.2414,0.6159,false,false
2026-05-06T16:11:33Z,382ab7a,addressable-to-s,196.1698,127.3164,0.6490,false,false
2026-05-06T16:11:33Z,382ab7a,attr_accessor,7.8630,190.2749,24.1989,false,false
2026-05-06T16:11:33Z,382ab7a,binarytrees,283.5953,163.0092,0.5748,false,false
2026-05-06T16:11:33Z,382ab7a,blurhash,70.3716,134.5025,1.9113,false,false
2026-05-06T16:11:33Z,382ab7a,cfunc_itself,16.5911,16.9734,1.0230,false,false
2026-05-06T16:11:33Z,382ab7a,chunky-png,,407.2217,,true,false
2026-05-06T16:11:33Z,382ab7a,erubi,937.8441,152.1785,0.1623,false,false
2026-05-06T16:11:33Z,382ab7a,erubi-rails,,,,true,true
2026-05-06T16:11:33Z,382ab7a,etanni,1066.6885,338.5141,0.3174,false,false
2026-05-06T16:11:33Z,382ab7a,fannkuchredux,61.6815,428.9174,6.9537,false,false
2026-05-06T16:11:33Z,382ab7a,fib,26.5471,29.6281,1.1161,false,false
2026-05-06T16:11:33Z,382ab7a,fluentd,,429.9767,,true,false
2026-05-06T16:11:33Z,382ab7a,gcbench,1242.2475,684.9033,0.5513,false,false
2026-05-06T16:11:33Z,382ab7a,getivar,7.5981,8.2453,1.0852,false,false
2026-05-06T16:11:33Z,382ab7a,getivar-module,22.1112,83.0565,3.7563,false,false
2026-05-06T16:11:33Z,382ab7a,graphql,,29.2236,,true,false
2026-05-06T16:11:33Z,382ab7a,graphql-native,,233.8977,,true,false
2026-05-06T16:11:33Z,382ab7a,hexapdf,,1310.8610,,true,false
2026-05-06T16:11:33Z,382ab7a,keyword_args,25.6168,19.5135,0.7617,false,false
2026-05-06T16:11:33Z,382ab7a,knucleotide,147.8119,89.5642,0.6059,false,false
2026-05-06T16:11:33Z,382ab7a,lee,,827.5853,,true,false
2026-05-06T16:11:33Z,382ab7a,liquid-c,,48.2059,,true,false
2026-05-06T16:11:33Z,382ab7a,liquid-compile,,38.7093,,true,false
2026-05-06T16:11:33Z,382ab7a,liquid-render,,66.6463,,true,false
2026-05-06T16:11:33Z,382ab7a,lobsters,,752.5662,,true,false
2026-05-06T16:11:33Z,382ab7a,loops-times,154.6936,264.6627,1.7109,false,false
2026-05-06T16:11:33Z,382ab7a,mail,,101.4457,,true,false
2026-05-06T16:11:33Z,382ab7a,matmul,65.1416,198.9771,3.0545,false,false
2026-05-06T16:11:33Z,382ab7a,nbody,15.0267,34.7359,2.3116,false,false
2026-05-06T16:11:33Z,382ab7a,nqueens,19.3824,43.6220,2.2506,false,false
2026-05-06T16:11:33Z,382ab7a,object-new,64.4232,30.2651,0.4698,false,false
2026-05-06T16:11:33Z,382ab7a,object-new-initialize,29.2348,38.7632,1.3259,false,false
2026-05-06T16:11:33Z,382ab7a,object-new-no-escape,57.2379,69.9319,1.2218,false,false
2026-05-06T16:11:33Z,382ab7a,optcarrot,1200.2495,1386.3661,1.1551,false,false
2026-05-06T16:11:33Z,382ab7a,protoboeuf,122.7797,34.5084,0.2811,false,false
2026-05-06T16:11:33Z,382ab7a,protoboeuf-encode,120.4286,32.5964,0.2707,false,false
2026-05-06T16:11:33Z,382ab7a,psych-load,3878.6484,1331.8179,0.3434,false,false
2026-05-06T16:11:33Z,382ab7a,rack,,40.9299,,true,false
2026-05-06T16:11:33Z,382ab7a,railsbench,,1451.5916,,true,false
2026-05-06T16:11:33Z,382ab7a,respond_to,465.0427,6.9992,0.0151,false,false
2026-05-06T16:11:33Z,382ab7a,rubocop,,,,true,true
2026-05-06T16:11:33Z,382ab7a,ruby-json,,236.9278,,true,false
2026-05-06T16:11:33Z,382ab7a,ruby-lsp,,111.5031,,true,false
2026-05-06T16:11:33Z,382ab7a,ruby-xor,144.9425,21.4561,0.1480,false,false
2026-05-06T16:11:33Z,382ab7a,rubyboy,,1313.6281,,true,false
2026-05-06T16:11:33Z,382ab7a,rubykon,831.2534,492.2278,0.5922,false,false
2026-05-06T16:11:33Z,382ab7a,send_bmethod,29.6926,6.2252,0.2097,false,false
2026-05-06T16:11:33Z,382ab7a,send_cfunc_block,177.3201,110.0327,0.6205,false,false
2026-05-06T16:11:33Z,382ab7a,send_rubyfunc_block,17.8558,16.8153,0.9417,false,false
2026-05-06T16:11:33Z,382ab7a,sequel,,61.6321,,true,false
2026-05-06T16:11:33Z,382ab7a,setivar,5.7603,4.1997,0.7291,false,false
2026-05-06T16:11:33Z,382ab7a,setivar_object,5.9428,39.1384,6.5858,false,false
2026-05-06T16:11:33Z,382ab7a,setivar_young,5.8644,39.0364,6.6565,false,false
2026-05-06T16:11:33Z,382ab7a,shipit,,1048.1355,,true,false
2026-05-06T16:11:33Z,382ab7a,splay,101.4839,46.5829,0.4590,false,false
2026-05-06T16:11:33Z,382ab7a,str_concat,91.5223,25.7260,0.2811,false,false
2026-05-06T16:11:33Z,382ab7a,structaref,7.5527,10.5780,1.4006,false,false
2026-05-06T16:11:33Z,382ab7a,structaset,6.1922,50.7465,8.1952,false,false
2026-05-06T16:11:33Z,382ab7a,sudoku,67.8683,125.2450,1.8454,false,false
2026-05-06T16:11:33Z,382ab7a,throw,8.7224,14.9139,1.7098,false,false
2026-05-06T16:11:33Z,382ab7a,tinygql,28082.8541,307.7172,0.0110,false,false
2026-05-06T16:19:12Z,089961b,30k_ifelse,316.5336,90.8628,0.2871,false,false
2026-05-06T16:19:12Z,089961b,30k_methods,153.1497,52.6164,0.3436,false,false
2026-05-06T16:19:12Z,089961b,activerecord,,112.7496,,true,false
2026-05-06T16:19:12Z,089961b,addressable-equality,852.4132,479.1622,0.5621,false,false
2026-05-06T16:19:12Z,089961b,addressable-getters,189.0283,123.5923,0.6538,false,false
2026-05-06T16:19:12Z,089961b,addressable-join,392.4711,244.4836,0.6229,false,false
2026-05-06T16:19:12Z,089961b,addressable-merge,226.0107,113.0126,0.5000,false,false
2026-05-06T16:19:12Z,089961b,addressable-new,97.6702,55.3414,0.5666,false,false
2026-05-06T16:19:12Z,089961b,addressable-normalize,448.5942,275.9671,0.6152,false,false
2026-05-06T16:19:12Z,089961b,addressable-parse,299.0169,193.6282,0.6475,false,false
2026-05-06T16:19:12Z,089961b,addressable-setters,168.1118,108.9516,0.6481,false,false
2026-05-06T16:19:12Z,089961b,addressable-to-s,183.9193,126.4656,0.6876,false,false
2026-05-06T16:19:12Z,089961b,attr_accessor,9.5917,10.5437,1.0993,false,false
2026-05-06T16:19:12Z,089961b,binarytrees,284.5622,162.5211,0.5711,false,false
2026-05-06T16:19:12Z,089961b,blurhash,65.7052,137.6812,2.0954,false,false
2026-05-06T16:19:12Z,089961b,cfunc_itself,22.1978,19.4073,0.8743,false,false
2026-05-06T16:19:12Z,089961b,chunky-png,,401.2078,,true,false
2026-05-06T16:19:12Z,089961b,erubi,950.9780,152.1220,0.1600,false,false
2026-05-06T16:19:12Z,089961b,erubi-rails,,,,true,true
2026-05-06T16:19:12Z,089961b,etanni,1080.2962,328.5549,0.3041,false,false
2026-05-06T16:19:12Z,089961b,fannkuchredux,59.4180,117.0092,1.9693,false,false
2026-05-06T16:19:12Z,089961b,fib,29.2575,28.7775,0.9836,false,false
2026-05-06T16:19:12Z,089961b,fluentd,,415.3965,,true,false
2026-05-06T16:19:12Z,089961b,gcbench,1297.8373,677.4431,0.5220,false,false
2026-05-06T16:19:12Z,089961b,getivar,8.9007,8.0807,0.9079,false,false
2026-05-06T16:19:12Z,089961b,getivar-module,24.0944,79.5197,3.3003,false,false
2026-05-06T16:19:12Z,089961b,graphql,,28.5340,,true,false
2026-05-06T16:19:12Z,089961b,graphql-native,,254.0469,,true,false
2026-05-06T16:19:12Z,089961b,hexapdf,,1319.1934,,true,false
2026-05-06T16:19:12Z,089961b,keyword_args,25.0508,19.7526,0.7885,false,false
2026-05-06T16:19:12Z,089961b,knucleotide,144.7926,87.7678,0.6062,false,false
2026-05-06T16:19:12Z,089961b,lee,,720.9898,,true,false
2026-05-06T16:19:12Z,089961b,liquid-c,,43.9341,,true,false
2026-05-06T16:19:12Z,089961b,liquid-compile,,40.3319,,true,false
2026-05-06T16:19:12Z,089961b,liquid-render,,60.7608,,true,false
2026-05-06T16:19:12Z,089961b,lobsters,,755.9097,,true,false
2026-05-06T16:19:12Z,089961b,loops-times,156.5406,264.8354,1.6918,false,false
2026-05-06T16:19:12Z,089961b,mail,,91.0800,,true,false
2026-05-06T16:19:12Z,089961b,matmul,70.3374,198.7697,2.8259,false,false
2026-05-06T16:19:12Z,089961b,nbody,13.9981,32.7080,2.3366,false,false
2026-05-06T16:19:12Z,089961b,nqueens,17.5189,42.2422,2.4112,false,false
2026-05-06T16:19:12Z,089961b,object-new,66.6532,30.2967,0.4545,false,false
2026-05-06T16:19:12Z,089961b,object-new-initialize,31.7585,36.4443,1.1475,false,false
2026-05-06T16:19:12Z,089961b,object-new-no-escape,59.9675,70.4331,1.1745,false,false
2026-05-06T16:19:12Z,089961b,optcarrot,1125.6301,1326.7990,1.1787,false,false
2026-05-06T16:19:12Z,089961b,protoboeuf,121.6797,35.2373,0.2896,false,false
2026-05-06T16:19:12Z,089961b,protoboeuf-encode,118.3385,32.6735,0.2761,false,false
2026-05-06T16:19:12Z,089961b,psych-load,3909.7161,1412.4645,0.3613,false,false
2026-05-06T16:19:12Z,089961b,rack,,43.7393,,true,false
2026-05-06T16:19:12Z,089961b,railsbench,,1497.8198,,true,false
2026-05-06T16:19:12Z,089961b,respond_to,511.7363,7.7323,0.0151,false,false
2026-05-06T16:19:12Z,089961b,rubocop,,,,true,true
2026-05-06T16:19:12Z,089961b,ruby-json,,240.3407,,true,false
2026-05-06T16:19:12Z,089961b,ruby-lsp,,117.9342,,true,false
2026-05-06T16:19:12Z,089961b,ruby-xor,145.8778,19.9245,0.1366,false,false
2026-05-06T16:19:12Z,089961b,rubyboy,,1263.2000,,true,false
2026-05-06T16:19:12Z,089961b,rubykon,840.7758,536.7475,0.6384,false,false
2026-05-06T16:19:12Z,089961b,send_bmethod,30.7213,6.8532,0.2231,false,false
2026-05-06T16:19:12Z,089961b,send_cfunc_block,187.8800,102.9309,0.5479,false,false
2026-05-06T16:19:12Z,089961b,send_rubyfunc_block,19.7305,19.2858,0.9775,false,false
2026-05-06T16:19:12Z,089961b,sequel,,49.1958,,true,false
2026-05-06T16:19:12Z,089961b,setivar,5.5974,4.5690,0.8163,false,false
2026-05-06T16:19:12Z,089961b,setivar_object,5.5698,39.6145,7.1124,false,false
2026-05-06T16:19:12Z,089961b,setivar_young,5.3564,39.6049,7.3939,false,false
2026-05-06T16:19:12Z,089961b,shipit,,1053.9603,,true,false
2026-05-06T16:19:12Z,089961b,splay,107.4045,46.8625,0.4363,false,false
2026-05-06T16:19:12Z,089961b,str_concat,94.7846,23.8300,0.2514,false,false
2026-05-06T16:19:12Z,089961b,structaref,8.2835,9.4886,1.1455,false,false
2026-05-06T16:19:12Z,089961b,structaset,6.2703,46.7751,7.4598,false,false
2026-05-06T16:19:12Z,089961b,sudoku,60.9382,124.3518,2.0406,false,false
2026-05-06T16:19:12Z,089961b,throw,8.6902,13.8858,1.5979,false,false
2026-05-06T16:19:12Z,089961b,tinygql,27974.7804,281.1828,0.0101,false,false
2026-05-07T01:47:38Z,497d7b5,30k_ifelse,374.9989,110.7802,0.2954,false,false,,
2026-05-07T01:47:38Z,497d7b5,30k_methods,185.1613,73.0541,0.3945,false,false,,
2026-05-07T01:47:38Z,497d7b5,activerecord,,111.8259,,true,false,"exit 1",
2026-05-07T01:47:38Z,497d7b5,addressable-equality,907.3639,503.5897,0.5550,false,false,,
2026-05-07T01:47:38Z,497d7b5,addressable-getters,185.4800,126.2053,0.6804,false,false,,
2026-05-07T01:47:38Z,497d7b5,addressable-join,408.8959,263.7656,0.6451,false,false,,
2026-05-07T01:47:38Z,497d7b5,addressable-merge,232.9786,116.4488,0.4998,false,false,,
2026-05-07T01:47:38Z,497d7b5,addressable-new,100.1625,54.7751,0.5469,false,false,,
2026-05-07T01:47:38Z,497d7b5,addressable-normalize,480.1206,285.6975,0.5951,false,false,,
2026-05-07T01:47:38Z,497d7b5,addressable-parse,306.9968,198.1809,0.6455,false,false,,
2026-05-07T01:47:38Z,497d7b5,addressable-setters,168.2084,110.9638,0.6597,false,false,,
2026-05-07T01:47:38Z,497d7b5,addressable-to-s,186.0169,128.1686,0.6890,false,false,,
2026-05-07T01:47:38Z,497d7b5,attr_accessor,21.1479,12.0436,0.5695,false,false,,
2026-05-07T01:47:38Z,497d7b5,binarytrees,281.6994,164.2443,0.5830,false,false,,
2026-05-07T01:47:38Z,497d7b5,blurhash,89.3967,145.4256,1.6267,false,false,,
2026-05-07T01:47:38Z,497d7b5,cfunc_itself,15.6846,17.2820,1.1018,false,false,,
2026-05-07T01:47:38Z,497d7b5,chunky-png,,388.0961,,true,false,"exit 1",
2026-05-07T01:47:38Z,497d7b5,erubi,915.4742,147.6934,0.1613,false,false,,
2026-05-07T01:47:38Z,497d7b5,erubi-rails,,,,true,true,"no result","exit 1"
2026-05-07T01:47:38Z,497d7b5,etanni,1075.9515,330.2891,0.3070,false,false,,
2026-05-07T01:47:38Z,497d7b5,fannkuchredux,58.5257,371.4231,6.3463,false,false,,
2026-05-07T01:47:38Z,497d7b5,fib,28.6373,31.0095,1.0828,false,false,,
2026-05-07T01:47:38Z,497d7b5,fluentd,,439.4949,,true,false,"exit 1",
2026-05-07T01:47:38Z,497d7b5,gcbench,1307.8661,707.3859,0.5409,false,false,,
2026-05-07T01:47:38Z,497d7b5,getivar,21.4680,9.3674,0.4363,false,false,,
2026-05-07T01:47:38Z,497d7b5,getivar-module,41.5128,197.2954,4.7526,false,false,,
2026-05-07T01:47:38Z,497d7b5,graphql,,28.0383,,true,false,"exit 1",
2026-05-07T01:47:38Z,497d7b5,graphql-native,,214.7788,,true,false,"exit 1",
2026-05-07T01:47:38Z,497d7b5,hexapdf,,,,true,true,"exit 1","timeout (300s)"
2026-05-07T01:47:38Z,497d7b5,keyword_args,21.8807,19.6225,0.8968,false,false,,
2026-05-07T01:47:38Z,497d7b5,knucleotide,167.4201,94.4379,0.5641,false,false,,
2026-05-07T01:47:38Z,497d7b5,lee,,718.3305,,true,false,"exit 1",
2026-05-07T01:47:38Z,497d7b5,liquid-c,,44.5329,,true,false,"exit 1",
2026-05-07T01:47:38Z,497d7b5,liquid-compile,,37.8576,,true,false,"exit 1",
2026-05-07T01:47:38Z,497d7b5,liquid-render,,63.2592,,true,false,"exit 1",
2026-05-07T01:47:38Z,497d7b5,lobsters,,739.8772,,true,false,"exit 1",
2026-05-07T01:47:38Z,497d7b5,loops-times,160.2738,259.5291,1.6193,false,false,,
2026-05-07T01:47:38Z,497d7b5,mail,,92.8010,,true,false,"exit 1",
2026-05-07T01:47:38Z,497d7b5,matmul,80.1215,188.2746,2.3499,false,false,,
2026-05-07T01:47:38Z,497d7b5,nbody,16.1270,33.7816,2.0947,false,false,,
2026-05-07T01:47:38Z,497d7b5,nqueens,19.2883,42.3864,2.1975,false,false,,
2026-05-07T01:47:38Z,497d7b5,object-new,60.2130,28.2954,0.4699,false,false,,
2026-05-07T01:47:38Z,497d7b5,object-new-initialize,26.9814,38.6755,1.4334,false,false,,
2026-05-07T01:47:38Z,497d7b5,object-new-no-escape,52.7530,66.8822,1.2678,false,false,,
2026-05-07T01:47:38Z,497d7b5,optcarrot,1148.6454,1309.3110,1.1399,false,false,,
2026-05-07T01:47:38Z,497d7b5,protoboeuf,105.2646,35.8460,0.3405,false,false,,
2026-05-07T01:47:38Z,497d7b5,protoboeuf-encode,106.0525,32.3838,0.3054,false,false,,
2026-05-07T01:47:38Z,497d7b5,psych-load,3604.5330,1336.5884,0.3708,false,false,,
2026-05-07T01:47:38Z,497d7b5,rack,,41.6866,,true,false,"exit 1",
2026-05-07T01:47:38Z,497d7b5,railsbench,,1396.6197,,true,false,"exit 1",
2026-05-07T01:47:38Z,497d7b5,respond_to,460.8486,7.5384,0.0164,false,false,,
2026-05-07T01:47:38Z,497d7b5,rubocop,,,,true,true,"exit 1","exit 1"
2026-05-07T01:47:38Z,497d7b5,ruby-json,,226.6543,,true,false,"exit 1",
2026-05-07T01:47:38Z,497d7b5,ruby-lsp,,107.5052,,true,false,"exit 1",
2026-05-07T01:47:38Z,497d7b5,ruby-xor,114.7508,20.3371,0.1772,false,false,,
2026-05-07T01:47:38Z,497d7b5,rubyboy,,1344.6843,,true,false,"exit 1",
2026-05-07T01:47:38Z,497d7b5,rubykon,835.9326,523.9202,0.6267,false,false,,
2026-05-07T01:47:38Z,497d7b5,send_bmethod,26.1819,5.7699,0.2204,false,false,,
2026-05-07T01:47:38Z,497d7b5,send_cfunc_block,138.5560,90.6952,0.6546,false,false,,
2026-05-07T01:47:38Z,497d7b5,send_rubyfunc_block,16.9679,17.1357,1.0099,false,false,,
2026-05-07T01:47:38Z,497d7b5,sequel,,48.5516,,true,false,"exit 1",
2026-05-07T01:47:38Z,497d7b5,setivar,5.1798,4.6659,0.9008,false,false,,
2026-05-07T01:47:38Z,497d7b5,setivar_object,4.9000,32.8468,6.7034,false,false,,
2026-05-07T01:47:38Z,497d7b5,setivar_young,4.8706,32.8409,6.7427,false,false,,
2026-05-07T01:47:38Z,497d7b5,shipit,,1065.5370,,true,false,"exit 1",
2026-05-07T01:47:38Z,497d7b5,splay,,51.3402,,true,false,"timeout (180s)",
2026-05-07T01:47:38Z,497d7b5,str_concat,77.8557,24.0707,0.3092,false,false,,
2026-05-07T01:47:38Z,497d7b5,structaref,21.7004,11.2578,0.5188,false,false,,
2026-05-07T01:47:38Z,497d7b5,structaset,5.9468,43.2772,7.2774,false,false,,
2026-05-07T01:47:38Z,497d7b5,sudoku,68.1231,125.2469,1.8385,false,false,,
2026-05-07T01:47:38Z,497d7b5,throw,7.4361,14.1818,1.9072,false,false,,
2026-05-07T01:47:38Z,497d7b5,tinygql,,289.8076,,true,false,"timeout (180s)",
2026-05-07T02:41:53Z,21d4cdb,30k_ifelse,317.5784,90.2147,0.2841,false,false,,
2026-05-07T02:41:53Z,21d4cdb,30k_methods,153.6133,52.8651,0.3441,false,false,,
2026-05-07T02:41:53Z,21d4cdb,activerecord,,106.2725,,true,false,"exit 1",
2026-05-07T02:41:53Z,21d4cdb,addressable-equality,862.9149,479.3129,0.5555,false,false,,
2026-05-07T02:41:53Z,21d4cdb,addressable-getters,194.4805,122.3900,0.6293,false,false,,
2026-05-07T02:41:53Z,21d4cdb,addressable-join,409.5067,246.2433,0.6013,false,false,,
2026-05-07T02:41:53Z,21d4cdb,addressable-merge,240.5497,113.6321,0.4724,false,false,,
2026-05-07T02:41:53Z,21d4cdb,addressable-new,100.7731,54.7194,0.5430,false,false,,
2026-05-07T02:41:53Z,21d4cdb,addressable-normalize,464.7710,272.3900,0.5861,false,false,,
2026-05-07T02:41:53Z,21d4cdb,addressable-parse,314.7580,190.8975,0.6065,false,false,,
2026-05-07T02:41:53Z,21d4cdb,addressable-setters,176.0787,109.6762,0.6229,false,false,,
2026-05-07T02:41:53Z,21d4cdb,addressable-to-s,194.3700,124.8415,0.6423,false,false,,
2026-05-07T02:41:53Z,21d4cdb,attr_accessor,9.5872,10.5501,1.1004,false,false,,
2026-05-07T02:41:53Z,21d4cdb,binarytrees,286.7040,160.1081,0.5584,false,false,,
2026-05-07T02:41:53Z,21d4cdb,blurhash,65.6413,137.7910,2.0992,false,false,,
2026-05-07T02:41:53Z,21d4cdb,cfunc_itself,22.1851,19.5246,0.8801,false,false,,
2026-05-07T02:41:53Z,21d4cdb,chunky-png,,395.1302,,true,false,"exit 1",
2026-05-07T02:41:53Z,21d4cdb,erubi,954.4171,144.0067,0.1509,false,false,,
2026-05-07T02:41:53Z,21d4cdb,erubi-rails,,,,true,true,"no result","exit 1"
2026-05-07T02:41:53Z,21d4cdb,etanni,1129.8888,329.7783,0.2919,false,false,,
2026-05-07T02:41:53Z,21d4cdb,fannkuchredux,59.4057,117.5414,1.9786,false,false,,
2026-05-07T02:41:53Z,21d4cdb,fib,29.1190,28.7759,0.9882,false,false,,
2026-05-07T02:41:53Z,21d4cdb,fluentd,,373.2040,,true,false,"exit 1",
2026-05-07T02:41:53Z,21d4cdb,gcbench,1370.9297,659.8255,0.4813,false,false,,
2026-05-07T02:41:53Z,21d4cdb,getivar,8.8926,8.0869,0.9094,false,false,,
2026-05-07T02:41:53Z,21d4cdb,getivar-module,22.2550,79.5180,3.5730,false,false,,
2026-05-07T02:41:53Z,21d4cdb,graphql,,28.0760,,true,false,"exit 1",
2026-05-07T02:41:53Z,21d4cdb,graphql-native,,237.8070,,true,false,"exit 1",
2026-05-07T02:41:53Z,21d4cdb,hexapdf,,,,true,true,"exit 1","timeout (300s)"
2026-05-07T02:41:53Z,21d4cdb,keyword_args,25.0708,19.7461,0.7876,false,false,,
2026-05-07T02:41:53Z,21d4cdb,knucleotide,144.8142,85.1136,0.5877,false,false,,
2026-05-07T02:41:53Z,21d4cdb,lee,,696.0094,,true,false,"exit 1",
2026-05-07T02:41:53Z,21d4cdb,liquid-c,,41.9960,,true,false,"exit 1",
2026-05-07T02:41:53Z,21d4cdb,liquid-compile,,36.5344,,true,false,"exit 1",
2026-05-07T02:41:53Z,21d4cdb,liquid-render,,60.2921,,true,false,"exit 1",
2026-05-07T02:41:53Z,21d4cdb,lobsters,,714.8357,,true,false,"exit 1",
2026-05-07T02:41:53Z,21d4cdb,loops-times,156.5438,265.0675,1.6932,false,false,,
2026-05-07T02:41:53Z,21d4cdb,mail,,91.0322,,true,false,"exit 1",
2026-05-07T02:41:53Z,21d4cdb,matmul,71.2127,199.4628,2.8009,false,false,,
2026-05-07T02:41:53Z,21d4cdb,nbody,13.9975,32.7554,2.3401,false,false,,
2026-05-07T02:41:53Z,21d4cdb,nqueens,17.6021,42.5639,2.4181,false,false,,
2026-05-07T02:41:53Z,21d4cdb,object-new,67.1454,29.7045,0.4424,false,false,,
2026-05-07T02:41:53Z,21d4cdb,object-new-initialize,31.9880,37.7888,1.1813,false,false,,
2026-05-07T02:41:53Z,21d4cdb,object-new-no-escape,60.4348,71.1382,1.1771,false,false,,
2026-05-07T02:41:53Z,21d4cdb,optcarrot,1147.9922,1288.0726,1.1220,false,false,,
2026-05-07T02:41:53Z,21d4cdb,protoboeuf,122.9469,35.6274,0.2898,false,false,,
2026-05-07T02:41:53Z,21d4cdb,protoboeuf-encode,138.0700,33.0562,0.2394,false,false,,
2026-05-07T02:41:53Z,21d4cdb,psych-load,3779.0084,1261.5476,0.3338,false,false,,
2026-05-07T02:41:53Z,21d4cdb,rack,,41.0016,,true,false,"exit 1",
2026-05-07T02:41:53Z,21d4cdb,railsbench,,1344.9589,,true,false,"exit 1",
2026-05-07T02:41:53Z,21d4cdb,respond_to,512.9807,7.7388,0.0151,false,false,,
2026-05-07T02:41:53Z,21d4cdb,rubocop,,,,true,true,"exit 1","exit 1"
2026-05-07T02:41:53Z,21d4cdb,ruby-json,,224.9544,,true,false,"exit 1",
2026-05-07T02:41:53Z,21d4cdb,ruby-lsp,,104.1383,,true,false,"exit 1",
2026-05-07T02:41:53Z,21d4cdb,ruby-xor,155.8493,19.7388,0.1267,false,false,,
2026-05-07T02:41:53Z,21d4cdb,rubyboy,,1288.2092,,true,false,"exit 1",
2026-05-07T02:41:53Z,21d4cdb,rubykon,844.2852,490.1206,0.5805,false,false,,
2026-05-07T02:41:53Z,21d4cdb,send_bmethod,30.7418,6.8548,0.2230,false,false,,
2026-05-07T02:41:53Z,21d4cdb,send_cfunc_block,199.6506,122.7907,0.6150,false,false,,
2026-05-07T02:41:53Z,21d4cdb,send_rubyfunc_block,19.7829,19.3795,0.9796,false,false,,
2026-05-07T02:41:53Z,21d4cdb,sequel,,42.2876,,true,false,"exit 1",
2026-05-07T02:41:53Z,21d4cdb,setivar,5.6375,4.5706,0.8108,false,false,,
2026-05-07T02:41:53Z,21d4cdb,setivar_object,5.5353,39.6132,7.1564,false,false,,
2026-05-07T02:41:53Z,21d4cdb,setivar_young,5.3518,39.6298,7.4049,false,false,,
2026-05-07T02:41:53Z,21d4cdb,shipit,,1052.9126,,true,false,"exit 1",
2026-05-07T02:41:53Z,21d4cdb,splay,,47.2391,,true,false,"timeout (180s)",
2026-05-07T02:41:53Z,21d4cdb,str_concat,94.1414,23.8339,0.2532,false,false,,
2026-05-07T02:41:53Z,21d4cdb,structaref,8.2864,9.4930,1.1456,false,false,,
2026-05-07T02:41:53Z,21d4cdb,structaset,6.2660,46.7954,7.4681,false,false,,
2026-05-07T02:41:53Z,21d4cdb,sudoku,62.0923,123.7902,1.9936,false,false,,
2026-05-07T02:41:53Z,21d4cdb,throw,8.6394,13.9692,1.6169,false,false,,
2026-05-07T02:41:53Z,21d4cdb,tinygql,,285.7275,,true,false,"timeout (180s)",
2026-05-07T04:50:04Z,20a2ad7,30k_ifelse,320.5526,94.8533,0.2959,false,false,,
2026-05-07T04:50:04Z,20a2ad7,30k_methods,181.5480,59.0462,0.3252,false,false,,
2026-05-07T04:50:04Z,20a2ad7,activerecord,,110.6842,,true,false,"exit 1",
2026-05-07T04:50:04Z,20a2ad7,addressable-equality,989.2352,520.3439,0.5260,false,false,,
2026-05-07T04:50:04Z,20a2ad7,addressable-getters,198.4110,128.5416,0.6479,false,false,,
2026-05-07T04:50:04Z,20a2ad7,addressable-join,431.0284,266.6095,0.6185,false,false,,
2026-05-07T04:50:04Z,20a2ad7,addressable-merge,247.4535,115.0237,0.4648,false,false,,
2026-05-07T04:50:04Z,20a2ad7,addressable-new,101.4192,54.7242,0.5396,false,false,,
2026-05-07T04:50:04Z,20a2ad7,addressable-normalize,517.5517,293.4888,0.5671,false,false,,
2026-05-07T04:50:04Z,20a2ad7,addressable-parse,320.3890,199.2797,0.6220,false,false,,
2026-05-07T04:50:04Z,20a2ad7,addressable-setters,177.9798,111.1482,0.6245,false,false,,
2026-05-07T04:50:04Z,20a2ad7,addressable-to-s,199.6450,130.4558,0.6534,false,false,,
2026-05-07T04:50:04Z,20a2ad7,attr_accessor,7.9181,199.6020,25.2082,false,false,,
2026-05-07T04:50:04Z,20a2ad7,binarytrees,288.2619,162.3561,0.5632,false,false,,
2026-05-07T04:50:04Z,20a2ad7,blurhash,70.2359,134.4865,1.9148,false,false,,
2026-05-07T04:50:04Z,20a2ad7,cfunc_itself,16.5888,16.9639,1.0226,false,false,,
2026-05-07T04:50:04Z,20a2ad7,chunky-png,,407.6304,,true,false,"exit 1",
2026-05-07T04:50:04Z,20a2ad7,erubi,943.0251,159.6788,0.1693,false,false,,
2026-05-07T04:50:04Z,20a2ad7,erubi-rails,,,,true,true,"exit 1","exit 1"
2026-05-07T04:50:04Z,20a2ad7,etanni,1095.8354,338.8515,0.3092,false,false,,
2026-05-07T04:50:04Z,20a2ad7,fannkuchredux,59.8195,429.8762,7.1862,false,false,,
2026-05-07T04:50:04Z,20a2ad7,fib,26.5685,29.6338,1.1154,false,false,,
2026-05-07T04:50:04Z,20a2ad7,fluentd,,460.8556,,true,false,"exit 1",
2026-05-07T04:50:04Z,20a2ad7,gcbench,1331.9249,672.7140,0.5051,false,false,,
2026-05-07T04:50:04Z,20a2ad7,getivar,7.6043,8.2460,1.0844,false,false,,
2026-05-07T04:50:04Z,20a2ad7,getivar-module,20.5349,83.0301,4.0434,false,false,,
2026-05-07T04:50:04Z,20a2ad7,graphql,,28.8522,,true,false,"exit 1",
2026-05-07T04:50:04Z,20a2ad7,graphql-native,,234.5158,,true,false,"exit 1",
2026-05-07T04:50:04Z,20a2ad7,hexapdf,,,,true,true,"exit 1","timeout (300s)"
2026-05-07T04:50:04Z,20a2ad7,keyword_args,25.6308,19.4384,0.7584,false,false,,
2026-05-07T04:50:04Z,20a2ad7,knucleotide,146.7037,91.0028,0.6203,false,false,,
2026-05-07T04:50:04Z,20a2ad7,lee,,823.6755,,true,false,"exit 1",
2026-05-07T04:50:04Z,20a2ad7,liquid-c,,49.2697,,true,false,"exit 1",
2026-05-07T04:50:04Z,20a2ad7,liquid-compile,,39.6171,,true,false,"exit 1",
2026-05-07T04:50:04Z,20a2ad7,liquid-render,,68.3329,,true,false,"exit 1",
2026-05-07T04:50:04Z,20a2ad7,lobsters,,766.6996,,true,false,"exit 1",
2026-05-07T04:50:04Z,20a2ad7,loops-times,154.8704,264.8780,1.7103,false,false,,
2026-05-07T04:50:04Z,20a2ad7,mail,,104.5618,,true,false,"exit 1",
2026-05-07T04:50:04Z,20a2ad7,matmul,65.2513,199.2161,3.0531,false,false,,
2026-05-07T04:50:04Z,20a2ad7,nbody,14.9627,34.5355,2.3081,false,false,,
2026-05-07T04:50:04Z,20a2ad7,nqueens,19.4880,43.1328,2.2133,false,false,,
2026-05-07T04:50:04Z,20a2ad7,object-new,64.5558,30.2030,0.4679,false,false,,
2026-05-07T04:50:04Z,20a2ad7,object-new-initialize,29.8932,39.2187,1.3120,false,false,,
2026-05-07T04:50:04Z,20a2ad7,object-new-no-escape,58.4367,69.8859,1.1959,false,false,,
2026-05-07T04:50:04Z,20a2ad7,optcarrot,1217.0281,1385.6768,1.1386,false,false,,
2026-05-07T04:50:04Z,20a2ad7,protoboeuf,129.1074,34.5210,0.2674,false,false,,
2026-05-07T04:50:04Z,20a2ad7,protoboeuf-encode,126.1396,32.6067,0.2585,false,false,,
2026-05-07T04:50:04Z,20a2ad7,psych-load,,1332.5722,,true,false,"timeout (180s)",
2026-05-07T04:50:04Z,20a2ad7,rack,,41.0648,,true,false,"exit 1",
2026-05-07T04:50:04Z,20a2ad7,railsbench,,1447.3291,,true,false,"exit 1",
2026-05-07T04:50:04Z,20a2ad7,respond_to,464.5377,6.9997,0.0151,false,false,,
2026-05-07T04:50:04Z,20a2ad7,rubocop,,,,true,true,"exit 1","exit 1"
2026-05-07T04:50:04Z,20a2ad7,ruby-json,,241.5182,,true,false,"exit 1",
2026-05-07T04:50:04Z,20a2ad7,ruby-lsp,,113.8483,,true,false,"exit 1",
2026-05-07T04:50:04Z,20a2ad7,ruby-xor,150.7675,21.3841,0.1418,false,false,,
2026-05-07T04:50:04Z,20a2ad7,rubyboy,,1311.0910,,true,false,"exit 1",
2026-05-07T04:50:04Z,20a2ad7,rubykon,846.3563,493.9018,0.5836,false,false,,
2026-05-07T04:50:04Z,20a2ad7,send_bmethod,29.7476,6.2198,0.2091,false,false,,
2026-05-07T04:50:04Z,20a2ad7,send_cfunc_block,179.5368,103.2196,0.5749,false,false,,
2026-05-07T04:50:04Z,20a2ad7,send_rubyfunc_block,17.8268,16.8284,0.9440,false,false,,
2026-05-07T04:50:04Z,20a2ad7,sequel,,61.4629,,true,false,"exit 1",
2026-05-07T04:50:04Z,20a2ad7,setivar,5.8099,4.2029,0.7234,false,false,,
2026-05-07T04:50:04Z,20a2ad7,setivar_object,5.9851,38.6308,6.4544,false,false,,
2026-05-07T04:50:04Z,20a2ad7,setivar_young,5.9514,38.6145,6.4883,false,false,,
2026-05-07T04:50:04Z,20a2ad7,shipit,,,,true,true,"exit 1","timeout (300s)"
2026-05-07T04:50:04Z,20a2ad7,splay,,46.3322,,true,false,"timeout (180s)",
2026-05-07T04:50:04Z,20a2ad7,str_concat,90.7551,25.7710,0.2840,false,false,,
2026-05-07T04:50:04Z,20a2ad7,structaref,7.5364,10.5792,1.4037,false,false,,
2026-05-07T04:50:04Z,20a2ad7,structaset,6.1750,50.7735,8.2224,false,false,,
2026-05-07T04:50:04Z,20a2ad7,sudoku,66.8043,125.8233,1.8835,false,false,,
2026-05-07T04:50:04Z,20a2ad7,throw,8.5739,14.4653,1.6871,false,false,,
2026-05-07T04:50:04Z,20a2ad7,tinygql,,299.3914,,true,false,"timeout (180s)",
2026-05-07T05:43:01Z,bc5acc5,30k_ifelse,325.4173,95.7474,0.2942,false,false,,
2026-05-07T05:43:01Z,bc5acc5,30k_methods,183.7695,61.1464,0.3327,false,false,,
2026-05-07T05:43:01Z,bc5acc5,activerecord,,109.9227,,true,false,"exit 1",
2026-05-07T05:43:01Z,bc5acc5,addressable-equality,940.6993,526.5539,0.5597,false,false,,
2026-05-07T05:43:01Z,bc5acc5,addressable-getters,190.8684,129.6451,0.6792,false,false,,
2026-05-07T05:43:01Z,bc5acc5,addressable-join,420.7958,265.9138,0.6319,false,false,,
2026-05-07T05:43:01Z,bc5acc5,addressable-merge,237.9029,115.6865,0.4863,false,false,,
2026-05-07T05:43:01Z,bc5acc5,addressable-new,97.2830,55.4984,0.5705,false,false,,
2026-05-07T05:43:01Z,bc5acc5,addressable-normalize,513.8633,299.7693,0.5834,false,false,,
2026-05-07T05:43:01Z,bc5acc5,addressable-parse,319.5427,201.4675,0.6305,false,false,,
2026-05-07T05:43:01Z,bc5acc5,addressable-setters,173.8412,111.2232,0.6398,false,false,,
2026-05-07T05:43:01Z,bc5acc5,addressable-to-s,191.4701,130.1083,0.6795,false,false,,
2026-05-07T05:43:01Z,bc5acc5,attr_accessor,7.8850,10.2640,1.3017,false,false,,
2026-05-07T05:43:01Z,bc5acc5,binarytrees,290.6710,162.4494,0.5589,false,false,,
2026-05-07T05:43:01Z,bc5acc5,blurhash,70.3588,135.2936,1.9229,false,false,,
2026-05-07T05:43:01Z,bc5acc5,cfunc_itself,16.5902,16.9672,1.0227,false,false,,
2026-05-07T05:43:01Z,bc5acc5,chunky-png,,412.3203,,true,false,"exit 1",
2026-05-07T05:43:01Z,bc5acc5,erubi,939.6624,154.3092,0.1642,false,false,,
2026-05-07T05:43:01Z,bc5acc5,erubi-rails,,,,true,true,"no result","exit 1"
2026-05-07T05:43:01Z,bc5acc5,etanni,1062.1390,376.6094,0.3546,false,false,,
2026-05-07T05:43:01Z,bc5acc5,fannkuchredux,61.0930,121.8970,1.9953,false,false,,
2026-05-07T05:43:01Z,bc5acc5,fib,26.5565,27.7495,1.0449,false,false,,
2026-05-07T05:43:01Z,bc5acc5,fluentd,,440.2586,,true,false,"exit 1",
2026-05-07T05:43:01Z,bc5acc5,gcbench,1292.9986,685.4785,0.5301,false,false,,
2026-05-07T05:43:01Z,bc5acc5,getivar,7.5940,8.2448,1.0857,false,false,,
2026-05-07T05:43:01Z,bc5acc5,getivar-module,20.6071,82.9860,4.0271,false,false,,
2026-05-07T05:43:01Z,bc5acc5,graphql,,30.4216,,true,false,"exit 1",
2026-05-07T05:43:01Z,bc5acc5,graphql-native,,239.2227,,true,false,"exit 1",
2026-05-07T05:43:01Z,bc5acc5,hexapdf,,,,true,true,"exit 1","timeout (300s)"
2026-05-07T05:43:01Z,bc5acc5,keyword_args,25.5958,19.3867,0.7574,false,false,,
2026-05-07T05:43:01Z,bc5acc5,knucleotide,148.6349,92.3820,0.6215,false,false,,
2026-05-07T05:43:01Z,bc5acc5,lee,,801.6444,,true,false,"exit 1",
2026-05-07T05:43:01Z,bc5acc5,liquid-c,,49.2300,,true,false,"exit 1",
2026-05-07T05:43:01Z,bc5acc5,liquid-compile,,39.9261,,true,false,"exit 1",
2026-05-07T05:43:01Z,bc5acc5,liquid-render,,69.0845,,true,false,"exit 1",
2026-05-07T05:43:01Z,bc5acc5,lobsters,,740.7833,,true,false,"exit 1",
2026-05-07T05:43:01Z,bc5acc5,loops-times,154.6724,259.9833,1.6809,false,false,,
2026-05-07T05:43:01Z,bc5acc5,mail,,99.3368,,true,false,"exit 1",
2026-05-07T05:43:01Z,bc5acc5,matmul,65.0856,199.2011,3.0606,false,false,,
2026-05-07T05:43:01Z,bc5acc5,nbody,14.9794,34.5710,2.3079,false,false,,
2026-05-07T05:43:01Z,bc5acc5,nqueens,19.9263,43.2211,2.1690,false,false,,
2026-05-07T05:43:01Z,bc5acc5,object-new,64.2129,30.1840,0.4701,false,false,,
2026-05-07T05:43:01Z,bc5acc5,object-new-initialize,29.4030,39.1463,1.3314,false,false,,
2026-05-07T05:43:01Z,bc5acc5,object-new-no-escape,57.5437,69.7770,1.2126,false,false,,
2026-05-07T05:43:01Z,bc5acc5,optcarrot,1224.3208,1400.8597,1.1442,false,false,,
2026-05-07T05:43:01Z,bc5acc5,protoboeuf,123.6233,35.3117,0.2856,false,false,,
2026-05-07T05:43:01Z,bc5acc5,protoboeuf-encode,119.0807,32.9993,0.2771,false,false,,
2026-05-07T05:43:01Z,bc5acc5,psych-load,,1344.2224,,true,false,"timeout (180s)",
2026-05-07T05:43:01Z,bc5acc5,rack,,42.8443,,true,false,"exit 1",
2026-05-07T05:43:01Z,bc5acc5,railsbench,,1475.9533,,true,false,"exit 1",
2026-05-07T05:43:01Z,bc5acc5,respond_to,464.1690,6.9993,0.0151,false,false,,
2026-05-07T05:43:01Z,bc5acc5,rubocop,,,,true,true,"exit 1","exit 1"
2026-05-07T05:43:01Z,bc5acc5,ruby-json,,244.6025,,true,false,"exit 1",
2026-05-07T05:43:01Z,bc5acc5,ruby-lsp,,121.0922,,true,false,"exit 1",
2026-05-07T05:43:01Z,bc5acc5,ruby-xor,145.7245,21.2796,0.1460,false,false,,
2026-05-07T05:43:01Z,bc5acc5,rubyboy,,1336.2858,,true,false,"exit 1",
2026-05-07T05:43:01Z,bc5acc5,rubykon,834.9817,511.5748,0.6127,false,false,,
2026-05-07T05:43:01Z,bc5acc5,send_bmethod,29.7835,6.2206,0.2089,false,false,,
2026-05-07T05:43:01Z,bc5acc5,send_cfunc_block,173.0814,103.5370,0.5982,false,false,,
2026-05-07T05:43:01Z,bc5acc5,send_rubyfunc_block,17.8235,16.8270,0.9441,false,false,,
2026-05-07T05:43:01Z,bc5acc5,sequel,,61.5287,,true,false,"exit 1",
2026-05-07T05:43:01Z,bc5acc5,setivar,5.7545,4.2016,0.7301,false,false,,
2026-05-07T05:43:01Z,bc5acc5,setivar_object,5.9594,38.4572,6.4533,false,false,,
2026-05-07T05:43:01Z,bc5acc5,setivar_young,5.9325,38.8212,6.5438,false,false,,
2026-05-07T05:43:01Z,bc5acc5,shipit,,1160.6297,,true,false,"exit 1",
2026-05-07T05:43:01Z,bc5acc5,splay,,48.5019,,true,false,"timeout (180s)",
2026-05-07T05:43:01Z,bc5acc5,str_concat,93.5532,25.6969,0.2747,false,false,,
2026-05-07T05:43:01Z,bc5acc5,structaref,7.5710,10.4179,1.3760,false,false,,
2026-05-07T05:43:01Z,bc5acc5,structaset,6.2023,50.7282,8.1789,false,false,,
2026-05-07T05:43:01Z,bc5acc5,sudoku,67.3494,125.5591,1.8643,false,false,,
2026-05-07T05:43:01Z,bc5acc5,throw,8.7081,14.4776,1.6625,false,false,,
2026-05-07T05:43:01Z,bc5acc5,tinygql,,294.4118,,true,false,"timeout (180s)",
2026-05-07T06:25:50Z,932892c,30k_ifelse,323.7522,94.7325,0.2926,false,false,,
2026-05-07T06:25:50Z,932892c,30k_methods,182.9261,59.3801,0.3246,false,false,,
2026-05-07T06:25:50Z,932892c,activerecord,,107.7775,,true,false,"exit 1",
2026-05-07T06:25:50Z,932892c,addressable-equality,955.3018,528.8547,0.5536,false,false,,
2026-05-07T06:25:50Z,932892c,addressable-getters,190.0612,130.4634,0.6864,false,false,,
2026-05-07T06:25:50Z,932892c,addressable-join,424.3294,270.2730,0.6369,false,false,,
2026-05-07T06:25:50Z,932892c,addressable-merge,239.8507,115.7980,0.4828,false,false,,
2026-05-07T06:25:50Z,932892c,addressable-new,98.6766,55.4082,0.5615,false,false,,
2026-05-07T06:25:50Z,932892c,addressable-normalize,509.0289,304.2678,0.5977,false,false,,
2026-05-07T06:25:50Z,932892c,addressable-parse,319.5787,204.8365,0.6410,false,false,,
2026-05-07T06:25:50Z,932892c,addressable-setters,172.1901,112.6845,0.6544,false,false,,
2026-05-07T06:25:50Z,932892c,addressable-to-s,191.9026,131.5320,0.6854,false,false,,
2026-05-07T06:25:50Z,932892c,attr_accessor,7.8594,10.2661,1.3062,false,false,,
2026-05-07T06:25:50Z,932892c,binarytrees,286.4890,162.0153,0.5655,false,false,,
2026-05-07T06:25:50Z,932892c,blurhash,70.1696,134.5156,1.9170,false,false,,
2026-05-07T06:25:50Z,932892c,cfunc_itself,16.6032,16.9591,1.0214,false,false,,
2026-05-07T06:25:50Z,932892c,chunky-png,,403.8407,,true,false,"exit 1",
2026-05-07T06:25:50Z,932892c,erubi,917.3460,151.5103,0.1652,false,false,,
2026-05-07T06:25:50Z,932892c,erubi-rails,,,,true,true,"exit 1","exit 1"
2026-05-07T06:25:50Z,932892c,etanni,1092.2370,339.5630,0.3109,false,false,,
2026-05-07T06:25:50Z,932892c,fannkuchredux,59.7516,120.5453,2.0174,false,false,,
2026-05-07T06:25:50Z,932892c,fib,26.5409,29.6111,1.1157,false,false,,
2026-05-07T06:25:50Z,932892c,fluentd,,466.1314,,true,false,"exit 1",
2026-05-07T06:25:50Z,932892c,gcbench,1191.6084,651.5006,0.5467,false,false,,
2026-05-07T06:25:50Z,932892c,getivar,7.5782,8.2417,1.0876,false,false,,
2026-05-07T06:25:50Z,932892c,getivar-module,20.5263,83.0644,4.0467,false,false,,
2026-05-07T06:25:50Z,932892c,graphql,,28.5030,,true,false,"exit 1",
2026-05-07T06:25:50Z,932892c,graphql-native,,233.1781,,true,false,"exit 1",
2026-05-07T06:25:50Z,932892c,hexapdf,,1323.3129,,true,false,"exit 1",
2026-05-07T06:25:50Z,932892c,keyword_args,25.5866,19.4085,0.7585,false,false,,
2026-05-07T06:25:50Z,932892c,knucleotide,144.3931,90.6136,0.6275,false,false,,
2026-05-07T06:25:50Z,932892c,lee,,816.7804,,true,false,"exit 1",
2026-05-07T06:25:50Z,932892c,liquid-c,,48.7770,,true,false,"exit 1",
2026-05-07T06:25:50Z,932892c,liquid-compile,,39.5567,,true,false,"exit 1",
2026-05-07T06:25:50Z,932892c,liquid-render,,67.2296,,true,false,"exit 1",
2026-05-07T06:25:50Z,932892c,lobsters,,727.2325,,true,false,"exit 1",
2026-05-07T06:25:50Z,932892c,loops-times,154.6626,264.3959,1.7095,false,false,,
2026-05-07T06:25:50Z,932892c,mail,,102.2334,,true,false,"exit 1",
2026-05-07T06:25:50Z,932892c,matmul,65.8721,200.0148,3.0364,false,false,,
2026-05-07T06:25:50Z,932892c,nbody,14.9187,34.5075,2.3130,false,false,,
2026-05-07T06:25:50Z,932892c,nqueens,19.6106,43.0946,2.1975,false,false,,
2026-05-07T06:25:50Z,932892c,object-new,64.6785,31.4112,0.4857,false,false,,
2026-05-07T06:25:50Z,932892c,object-new-initialize,29.8334,38.1912,1.2801,false,false,,
2026-05-07T06:25:50Z,932892c,object-new-no-escape,57.9389,70.2972,1.2133,false,false,,
2026-05-07T06:25:50Z,932892c,optcarrot,1260.9424,1398.2958,1.1089,false,false,,
2026-05-07T06:25:50Z,932892c,protoboeuf,123.6866,35.0226,0.2832,false,false,,
2026-05-07T06:25:50Z,932892c,protoboeuf-encode,120.5557,32.7862,0.2720,false,false,,
2026-05-07T06:25:50Z,932892c,psych-load,3768.4555,1323.4424,0.3512,false,false,,
2026-05-07T06:25:50Z,932892c,rack,,42.0852,,true,false,"exit 1",
2026-05-07T06:25:50Z,932892c,railsbench,,1458.8008,,true,false,"exit 1",
2026-05-07T06:25:50Z,932892c,respond_to,471.5235,6.9981,0.0148,false,false,,
2026-05-07T06:25:50Z,932892c,rubocop,,,,true,true,"exit 1","exit 1"
2026-05-07T06:25:50Z,932892c,ruby-json,,242.8271,,true,false,"exit 1",
2026-05-07T06:25:50Z,932892c,ruby-lsp,,111.7691,,true,false,"exit 1",
2026-05-07T06:25:50Z,932892c,ruby-xor,151.3202,21.2747,0.1406,false,false,,
2026-05-07T06:25:50Z,932892c,rubyboy,,1315.9380,,true,false,"exit 1",
2026-05-07T06:25:50Z,932892c,rubykon,847.7541,494.2525,0.5830,false,false,,
2026-05-07T06:25:50Z,932892c,send_bmethod,30.5242,6.2235,0.2039,false,false,,
2026-05-07T06:25:50Z,932892c,send_cfunc_block,184.0746,107.9424,0.5864,false,false,,
2026-05-07T06:25:50Z,932892c,send_rubyfunc_block,17.8440,16.8145,0.9423,false,false,,
2026-05-07T06:25:50Z,932892c,sequel,,60.8689,,true,false,"exit 1",
2026-05-07T06:25:50Z,932892c,setivar,5.7686,4.3558,0.7551,false,false,,
2026-05-07T06:25:50Z,932892c,setivar_object,5.9742,38.5960,6.4605,false,false,,
2026-05-07T06:25:50Z,932892c,setivar_young,5.9241,38.6216,6.5194,false,false,,
2026-05-07T06:25:50Z,932892c,shipit,,1107.3953,,true,false,"exit 1",
2026-05-07T06:25:50Z,932892c,splay,,45.6213,,true,false,"timeout (180s)",
2026-05-07T06:25:50Z,932892c,str_concat,91.8491,25.6219,0.2790,false,false,,
2026-05-07T06:25:50Z,932892c,structaref,7.5567,10.5787,1.3999,false,false,,
2026-05-07T06:25:50Z,932892c,structaset,6.1751,50.7392,8.2167,false,false,,
2026-05-07T06:25:50Z,932892c,sudoku,66.5874,124.8608,1.8751,false,false,,
2026-05-07T06:25:50Z,932892c,throw,8.6338,14.5745,1.6881,false,false,,
2026-05-07T06:25:50Z,932892c,tinygql,,297.3018,,true,false,"timeout (180s)",
2026-05-07T06:52:18Z,caa9610,30k_ifelse,318.2125,89.6724,0.2818,false,false,,
2026-05-07T06:52:18Z,caa9610,30k_methods,152.8980,53.1552,0.3477,false,false,,
2026-05-07T06:52:18Z,caa9610,activerecord,,109.5509,,true,false,"exit 1",
2026-05-07T06:52:18Z,caa9610,addressable-equality,918.8995,478.6382,0.5209,false,false,,
2026-05-07T06:52:18Z,caa9610,addressable-getters,197.5847,122.9759,0.6224,false,false,,
2026-05-07T06:52:18Z,caa9610,addressable-join,434.0455,243.7618,0.5616,false,false,,
2026-05-07T06:52:18Z,caa9610,addressable-merge,249.2082,114.4869,0.4594,false,false,,
2026-05-07T06:52:18Z,caa9610,addressable-new,110.7777,54.5749,0.4927,false,false,,
2026-05-07T06:52:18Z,caa9610,addressable-normalize,460.7201,271.7112,0.5898,false,false,,
2026-05-07T06:52:18Z,caa9610,addressable-parse,308.2458,187.6584,0.6088,false,false,,
2026-05-07T06:52:18Z,caa9610,addressable-setters,174.9701,107.8676,0.6165,false,false,,
2026-05-07T06:52:18Z,caa9610,addressable-to-s,189.3119,122.4826,0.6470,false,false,,
2026-05-07T06:52:18Z,caa9610,attr_accessor,9.5418,193.5429,20.2838,false,false,,
2026-05-07T06:52:18Z,caa9610,binarytrees,281.9899,160.8525,0.5704,false,false,,
2026-05-07T06:52:18Z,caa9610,blurhash,65.5761,139.4432,2.1264,false,false,,
2026-05-07T06:52:18Z,caa9610,cfunc_itself,22.1860,19.4096,0.8749,false,false,,
2026-05-07T06:52:18Z,caa9610,chunky-png,,393.5026,,true,false,"exit 1",
2026-05-07T06:52:18Z,caa9610,erubi,963.0236,147.1426,0.1528,false,false,,
2026-05-07T06:52:18Z,caa9610,erubi-rails,,,,true,true,"no result","exit 1"
2026-05-07T06:52:18Z,caa9610,etanni,1142.1591,329.5189,0.2885,false,false,,
2026-05-07T06:52:18Z,caa9610,fannkuchredux,59.4720,116.0237,1.9509,false,false,,
2026-05-07T06:52:18Z,caa9610,fib,29.0775,28.6823,0.9864,false,false,,
2026-05-07T06:52:18Z,caa9610,fluentd,,431.3825,,true,false,"exit 1",
2026-05-07T06:52:18Z,caa9610,gcbench,1330.2282,689.9703,0.5187,false,false,,
2026-05-07T06:52:18Z,caa9610,getivar,8.8823,8.0812,0.9098,false,false,,
2026-05-07T06:52:18Z,caa9610,getivar-module,22.2526,79.4867,3.5720,false,false,,
2026-05-07T06:52:18Z,caa9610,graphql,,27.4507,,true,false,"exit 1",
2026-05-07T06:52:18Z,caa9610,graphql-native,,237.8794,,true,false,"exit 1",
2026-05-07T06:52:18Z,caa9610,hexapdf,,,,true,true,"exit 1","timeout (300s)"
2026-05-07T06:52:18Z,caa9610,keyword_args,25.0628,19.7511,0.7881,false,false,,
2026-05-07T06:52:18Z,caa9610,knucleotide,146.7507,85.1527,0.5803,false,false,,
2026-05-07T06:52:18Z,caa9610,lee,,694.8921,,true,false,"exit 1",
2026-05-07T06:52:18Z,caa9610,liquid-c,,42.1615,,true,false,"exit 1",
2026-05-07T06:52:18Z,caa9610,liquid-compile,,36.5864,,true,false,"exit 1",
2026-05-07T06:52:18Z,caa9610,liquid-render,,59.7668,,true,false,"exit 1",
2026-05-07T06:52:18Z,caa9610,lobsters,,715.2540,,true,false,"exit 1",
2026-05-07T06:52:18Z,caa9610,loops-times,156.3315,264.7543,1.6935,false,false,,
2026-05-07T06:52:18Z,caa9610,mail,,90.9682,,true,false,"exit 1",
2026-05-07T06:52:18Z,caa9610,matmul,75.9236,199.6383,2.6295,false,false,,
2026-05-07T06:52:18Z,caa9610,nbody,13.9444,32.8646,2.3568,false,false,,
2026-05-07T06:52:18Z,caa9610,nqueens,17.8375,42.6074,2.3886,false,false,,
2026-05-07T06:52:18Z,caa9610,object-new,66.8110,30.6821,0.4592,false,false,,
2026-05-07T06:52:18Z,caa9610,object-new-initialize,31.7349,35.9063,1.1314,false,false,,
2026-05-07T06:52:18Z,caa9610,object-new-no-escape,59.9959,70.4270,1.1739,false,false,,
2026-05-07T06:52:18Z,caa9610,optcarrot,1125.9560,1274.3564,1.1318,false,false,,
2026-05-07T06:52:18Z,caa9610,protoboeuf,122.3328,34.9575,0.2858,false,false,,
2026-05-07T06:52:18Z,caa9610,protoboeuf-encode,125.5700,32.5227,0.2590,false,false,,
2026-05-07T06:52:18Z,caa9610,psych-load,,1258.6097,,true,false,"timeout (180s)",
2026-05-07T06:52:18Z,caa9610,rack,,40.7565,,true,false,"exit 1",
2026-05-07T06:52:18Z,caa9610,railsbench,,,,true,true,"exit 1","timeout (300s)"
2026-05-07T06:52:18Z,caa9610,respond_to,517.9691,7.7307,0.0149,false,false,,
2026-05-07T06:52:18Z,caa9610,rubocop,,,,true,true,"exit 1","exit 1"
2026-05-07T06:52:18Z,caa9610,ruby-json,,224.0866,,true,false,"exit 1",
2026-05-07T06:52:18Z,caa9610,ruby-lsp,,103.9146,,true,false,"exit 1",
2026-05-07T06:52:18Z,caa9610,ruby-xor,160.6683,19.7714,0.1231,false,false,,
2026-05-07T06:52:18Z,caa9610,rubyboy,,1300.6137,,true,false,"exit 1",
2026-05-07T06:52:18Z,caa9610,rubykon,847.0502,490.1854,0.5787,false,false,,
2026-05-07T06:52:18Z,caa9610,send_bmethod,30.7044,6.8527,0.2232,false,false,,
2026-05-07T06:52:18Z,caa9610,send_cfunc_block,201.3616,102.8702,0.5109,false,false,,
2026-05-07T06:52:18Z,caa9610,send_rubyfunc_block,19.7829,19.3266,0.9769,false,false,,
2026-05-07T06:52:18Z,caa9610,sequel,,41.5005,,true,false,"exit 1",
2026-05-07T06:52:18Z,caa9610,setivar,5.6466,4.5702,0.8094,false,false,,
2026-05-07T06:52:18Z,caa9610,setivar_object,5.5626,39.6029,7.1195,false,false,,
2026-05-07T06:52:18Z,caa9610,setivar_young,5.3669,39.6128,7.3810,false,false,,
2026-05-07T06:52:18Z,caa9610,shipit,,,,true,true,"exit 1","timeout (300s)"
2026-05-07T06:52:18Z,caa9610,splay,,45.6646,,true,false,"timeout (180s)",
2026-05-07T06:52:18Z,caa9610,str_concat,94.2002,23.9477,0.2542,false,false,,
2026-05-07T06:52:18Z,caa9610,structaref,8.2405,9.4858,1.1511,false,false,,
2026-05-07T06:52:18Z,caa9610,structaset,6.2282,46.7767,7.5105,false,false,,
2026-05-07T06:52:18Z,caa9610,sudoku,60.7650,123.4114,2.0310,false,false,,
2026-05-07T06:52:18Z,caa9610,throw,8.6284,13.9875,1.6211,false,false,,
2026-05-07T06:52:18Z,caa9610,tinygql,,290.5120,,true,false,"timeout (180s)",
2026-05-07T14:25:39Z,638f687,30k_ifelse,316.3825,89.3837,0.2825,false,false,,
2026-05-07T14:25:39Z,638f687,30k_methods,152.9060,53.1421,0.3475,false,false,,
2026-05-07T14:25:39Z,638f687,activerecord,,114.3773,,true,false,"exit 1",
2026-05-07T14:25:39Z,638f687,addressable-equality,,482.6512,,true,false,"timeout (180s)",
2026-05-07T14:25:39Z,638f687,addressable-getters,191.2412,125.6888,0.6572,false,false,,
2026-05-07T14:25:39Z,638f687,addressable-join,418.1575,247.8605,0.5927,false,false,,
2026-05-07T14:25:39Z,638f687,addressable-merge,242.4481,114.5655,0.4725,false,false,,
2026-05-07T14:25:39Z,638f687,addressable-new,98.8818,54.7556,0.5537,false,false,,
2026-05-07T14:25:39Z,638f687,addressable-normalize,472.6051,272.9573,0.5776,false,false,,
2026-05-07T14:25:39Z,638f687,addressable-parse,324.5460,192.0693,0.5918,false,false,,
2026-05-07T14:25:39Z,638f687,addressable-setters,181.9884,108.8988,0.5984,false,false,,
2026-05-07T14:25:39Z,638f687,addressable-to-s,197.5417,124.9254,0.6324,false,false,,
2026-05-07T14:25:39Z,638f687,attr_accessor,9.5668,10.5449,1.1022,false,false,,
2026-05-07T14:25:39Z,638f687,binarytrees,285.4418,160.7647,0.5632,false,false,,
2026-05-07T14:25:39Z,638f687,blurhash,65.6168,137.7351,2.0991,false,false,,
2026-05-07T14:25:39Z,638f687,cfunc_itself,3.0475,19.5113,6.4025,false,false,,
2026-05-07T14:25:39Z,638f687,chunky-png,,396.8343,,true,false,"exit 1",
2026-05-07T14:25:39Z,638f687,erubi,,146.2297,,true,false,"timeout (180s)",
2026-05-07T14:25:39Z,638f687,erubi-rails,,,,true,true,"exit 1","exit 1"
2026-05-07T14:25:39Z,638f687,etanni,1130.9027,330.0097,0.2918,false,false,,
2026-05-07T14:25:39Z,638f687,fannkuchredux,59.4398,115.3213,1.9401,false,false,,
2026-05-07T14:25:39Z,638f687,fib,29.0412,28.7056,0.9884,false,false,,
2026-05-07T14:25:39Z,638f687,fluentd,,408.3708,,true,false,"exit 1",
2026-05-07T14:25:39Z,638f687,gcbench,1391.3546,657.2461,0.4724,false,false,,
2026-05-07T14:25:39Z,638f687,getivar,9.2312,8.0807,0.8754,false,false,,
2026-05-07T14:25:39Z,638f687,getivar-module,22.3208,79.5003,3.5617,false,false,,
2026-05-07T14:25:39Z,638f687,graphql,,28.4378,,true,false,"exit 1",
2026-05-07T14:25:39Z,638f687,graphql-native,,236.7032,,true,false,"exit 1",
2026-05-07T14:25:39Z,638f687,hexapdf,,,,true,true,"exit 1","timeout (300s)"
2026-05-07T14:25:39Z,638f687,keyword_args,25.7526,19.7670,0.7676,false,false,,
2026-05-07T14:25:39Z,638f687,knucleotide,145.0142,85.4320,0.5891,false,false,,
2026-05-07T14:25:39Z,638f687,lee,,720.1050,,true,false,"exit 1",
2026-05-07T14:25:39Z,638f687,liquid-c,,42.6411,,true,false,"exit 1",
2026-05-07T14:25:39Z,638f687,liquid-compile,,37.4870,,true,false,"exit 1",
2026-05-07T14:25:39Z,638f687,liquid-render,,59.7742,,true,false,"exit 1",
2026-05-07T14:25:39Z,638f687,lobsters,,761.1100,,true,false,"exit 1",
2026-05-07T14:25:39Z,638f687,loops-times,156.4432,264.8938,1.6932,false,false,,
2026-05-07T14:25:39Z,638f687,mail,,91.7235,,true,false,"exit 1",
2026-05-07T14:25:39Z,638f687,matmul,72.4761,199.1312,2.7475,false,false,,
2026-05-07T14:25:39Z,638f687,nbody,14.0335,32.7629,2.3346,false,false,,
2026-05-07T14:25:39Z,638f687,nqueens,17.7643,42.3180,2.3822,false,false,,
2026-05-07T14:25:39Z,638f687,object-new,67.2406,30.4314,0.4526,false,false,,
2026-05-07T14:25:39Z,638f687,object-new-initialize,32.2368,37.6479,1.1679,false,false,,
2026-05-07T14:25:39Z,638f687,object-new-no-escape,60.1012,70.6535,1.1756,false,false,,
2026-05-07T14:25:39Z,638f687,optcarrot,1180.3660,1301.6480,1.1027,false,false,,
2026-05-07T14:25:39Z,638f687,protoboeuf,121.7564,36.1150,0.2966,false,false,,
2026-05-07T14:25:39Z,638f687,protoboeuf-encode,141.5485,32.6855,0.2309,false,false,,
2026-05-07T14:25:39Z,638f687,psych-load,,1276.2634,,true,false,"timeout (180s)",
2026-05-07T14:25:39Z,638f687,rack,,41.1900,,true,false,"exit 1",
2026-05-07T14:25:39Z,638f687,railsbench,,1356.6018,,true,false,"exit 1",
2026-05-07T14:25:39Z,638f687,respond_to,413.1956,7.7323,0.0187,false,false,,
2026-05-07T14:25:39Z,638f687,rubocop,,,,true,true,"exit 1","exit 1"
2026-05-07T14:25:39Z,638f687,ruby-json,,226.9020,,true,false,"exit 1",
2026-05-07T14:25:39Z,638f687,ruby-lsp,,106.4818,,true,false,"exit 1",
2026-05-07T14:25:39Z,638f687,ruby-xor,156.8028,20.3806,0.1300,false,false,,
2026-05-07T14:25:39Z,638f687,rubyboy,,1275.9819,,true,false,"exit 1",
2026-05-07T14:25:39Z,638f687,rubykon,852.0152,501.1758,0.5882,false,false,,
2026-05-07T14:25:39Z,638f687,send_bmethod,30.8024,6.8521,0.2225,false,false,,
2026-05-07T14:25:39Z,638f687,send_cfunc_block,180.1610,102.9691,0.5715,false,false,,
2026-05-07T14:25:39Z,638f687,send_rubyfunc_block,19.7952,19.3539,0.9777,false,false,,
2026-05-07T14:25:39Z,638f687,sequel,,43.4355,,true,false,"exit 1",
2026-05-07T14:25:39Z,638f687,setivar,5.6495,4.5701,0.8089,false,false,,
2026-05-07T14:25:39Z,638f687,setivar_object,5.5659,39.6203,7.1184,false,false,,
2026-05-07T14:25:39Z,638f687,setivar_young,5.3687,39.6252,7.3808,false,false,,
2026-05-07T14:25:39Z,638f687,shipit,,1097.9856,,true,false,"no result",
2026-05-07T14:25:39Z,638f687,splay,,47.3601,,true,false,"timeout (180s)",
2026-05-07T14:25:39Z,638f687,str_concat,95.5712,23.9716,0.2508,false,false,,
2026-05-07T14:25:39Z,638f687,structaref,8.2541,9.4894,1.1497,false,false,,
2026-05-07T14:25:39Z,638f687,structaset,6.2647,46.7857,7.4682,false,false,,
2026-05-07T14:25:39Z,638f687,sudoku,62.2620,122.8908,1.9738,false,false,,
2026-05-07T14:25:39Z,638f687,throw,8.7040,13.9905,1.6074,false,false,,
2026-05-07T14:25:39Z,638f687,tinygql,,289.0044,,true,false,"timeout (180s)",
2026-05-07T16:09:47Z,6d097ca,30k_ifelse,315.1424,91.3306,0.2898,false,false,,
2026-05-07T16:09:47Z,6d097ca,30k_methods,153.2163,52.3500,0.3417,false,false,,
2026-05-07T16:09:47Z,6d097ca,activerecord,,108.1497,,true,false,"exit 1",
2026-05-07T16:09:47Z,6d097ca,addressable-equality,903.6442,482.6884,0.5342,false,false,,
2026-05-07T16:09:47Z,6d097ca,addressable-getters,205.5452,123.0571,0.5987,false,false,,
2026-05-07T16:09:47Z,6d097ca,addressable-join,444.4642,243.4012,0.5476,false,false,,
2026-05-07T16:09:47Z,6d097ca,addressable-merge,232.6136,112.0132,0.4815,false,false,,
2026-05-07T16:09:47Z,6d097ca,addressable-new,95.4885,54.2348,0.5680,false,false,,
2026-05-07T16:09:47Z,6d097ca,addressable-normalize,465.7724,273.2728,0.5867,false,false,,
2026-05-07T16:09:47Z,6d097ca,addressable-parse,309.5800,190.1555,0.6142,false,false,,
2026-05-07T16:09:47Z,6d097ca,addressable-setters,174.9449,108.0488,0.6176,false,false,,
2026-05-07T16:09:47Z,6d097ca,addressable-to-s,198.4951,125.5586,0.6326,false,false,,
2026-05-07T16:09:47Z,6d097ca,attr_accessor,9.5525,179.8280,18.8252,false,false,,
2026-05-07T16:09:47Z,6d097ca,binarytrees,286.0945,160.7195,0.5618,false,false,,
2026-05-07T16:09:47Z,6d097ca,blurhash,65.5876,137.7553,2.1003,false,false,,
2026-05-07T16:09:47Z,6d097ca,cfunc_itself,3.0201,19.4204,6.4303,false,false,,
2026-05-07T16:09:47Z,6d097ca,chunky-png,,398.2014,,true,false,"exit 1",
2026-05-07T16:09:47Z,6d097ca,erubi,972.1885,154.7642,0.1592,false,false,,
2026-05-07T16:09:47Z,6d097ca,erubi-rails,,,,true,true,"exit 1","exit 1"
2026-05-07T16:09:47Z,6d097ca,etanni,1121.7414,345.9835,0.3084,false,false,,
2026-05-07T16:09:47Z,6d097ca,fannkuchredux,59.4330,117.2304,1.9725,false,false,,
2026-05-07T16:09:47Z,6d097ca,fib,29.0820,28.7115,0.9873,false,false,,
2026-05-07T16:09:47Z,6d097ca,fluentd,,409.2472,,true,false,"exit 1",
2026-05-07T16:09:47Z,6d097ca,gcbench,,690.6644,,true,false,"timeout (180s)",
2026-05-07T16:09:47Z,6d097ca,getivar,9.2551,8.0802,0.8731,false,false,,
2026-05-07T16:09:47Z,6d097ca,getivar-module,22.1952,79.5137,3.5825,false,false,,
2026-05-07T16:09:47Z,6d097ca,graphql,,27.2739,,true,false,"exit 1",
2026-05-07T16:09:47Z,6d097ca,graphql-native,,238.4416,,true,false,"exit 1",
2026-05-07T16:09:47Z,6d097ca,hexapdf,,,,true,true,"exit 1","timeout (300s)"
2026-05-07T16:09:47Z,6d097ca,keyword_args,25.7471,19.7388,0.7666,false,false,,
2026-05-07T16:09:47Z,6d097ca,knucleotide,147.4928,84.1952,0.5708,false,false,,
2026-05-07T16:09:47Z,6d097ca,lee,,698.7443,,true,false,"exit 1",
2026-05-07T16:09:47Z,6d097ca,liquid-c,,41.3784,,true,false,"exit 1",
2026-05-07T16:09:47Z,6d097ca,liquid-compile,,37.4112,,true,false,"exit 1",
2026-05-07T16:09:47Z,6d097ca,liquid-render,,59.4578,,true,false,"exit 1",
2026-05-07T16:09:47Z,6d097ca,lobsters,,700.6769,,true,false,"exit 1",
2026-05-07T16:09:47Z,6d097ca,loops-times,156.2908,264.8261,1.6944,false,false,,
2026-05-07T16:09:47Z,6d097ca,mail,,90.1325,,true,false,"exit 1",
2026-05-07T16:09:47Z,6d097ca,matmul,70.4366,198.1486,2.8131,false,false,,
2026-05-07T16:09:47Z,6d097ca,nbody,14.0127,32.7652,2.3382,false,false,,
2026-05-07T16:09:47Z,6d097ca,nqueens,17.3057,41.8717,2.4195,false,false,,
2026-05-07T16:09:47Z,6d097ca,object-new,67.3636,29.2973,0.4349,false,false,,
2026-05-07T16:09:47Z,6d097ca,object-new-initialize,32.0747,35.8421,1.1175,false,false,,
2026-05-07T16:09:47Z,6d097ca,object-new-no-escape,60.3243,70.9828,1.1767,false,false,,
2026-05-07T16:09:47Z,6d097ca,optcarrot,1173.6964,1290.5103,1.0995,false,false,,
2026-05-07T16:09:47Z,6d097ca,protoboeuf,134.4251,34.8109,0.2590,false,false,,
2026-05-07T16:09:47Z,6d097ca,protoboeuf-encode,140.2651,32.2140,0.2297,false,false,,
2026-05-07T16:09:47Z,6d097ca,psych-load,,1244.9443,,true,false,"timeout (180s)",
2026-05-07T16:09:47Z,6d097ca,rack,,40.8778,,true,false,"exit 1",
2026-05-07T16:09:47Z,6d097ca,railsbench,,1365.1513,,true,false,"exit 1",
2026-05-07T16:09:47Z,6d097ca,respond_to,4.4645,7.7298,1.7314,false,false,,
2026-05-07T16:09:47Z,6d097ca,rubocop,,,,true,true,"exit 1","exit 1"
2026-05-07T16:09:47Z,6d097ca,ruby-json,,221.5191,,true,false,"exit 1",
2026-05-07T16:09:47Z,6d097ca,ruby-lsp,,105.9320,,true,false,"exit 1",
2026-05-07T16:09:47Z,6d097ca,ruby-xor,156.2895,19.8916,0.1273,false,false,,
2026-05-07T16:09:47Z,6d097ca,rubyboy,,1268.5437,,true,false,"exit 1",
2026-05-07T16:09:47Z,6d097ca,rubykon,842.3101,492.7957,0.5851,false,false,,
2026-05-07T16:09:47Z,6d097ca,send_bmethod,30.7477,6.8507,0.2228,false,false,,
2026-05-07T16:09:47Z,6d097ca,send_cfunc_block,179.4215,107.5280,0.5993,false,false,,
2026-05-07T16:09:47Z,6d097ca,send_rubyfunc_block,19.7911,19.3315,0.9768,false,false,,
2026-05-07T16:09:47Z,6d097ca,sequel,,41.9485,,true,false,"exit 1",
2026-05-07T16:09:47Z,6d097ca,setivar,5.6346,4.5691,0.8109,false,false,,
2026-05-07T16:09:47Z,6d097ca,setivar_object,5.5675,39.6318,7.1184,false,false,,
2026-05-07T16:09:47Z,6d097ca,setivar_young,5.3682,39.6179,7.3802,false,false,,
2026-05-07T16:09:47Z,6d097ca,shipit,,1060.1343,,true,false,"exit 1",
2026-05-07T16:09:47Z,6d097ca,splay,,47.4242,,true,false,"timeout (180s)",
2026-05-07T16:09:47Z,6d097ca,str_concat,95.3334,23.8247,0.2499,false,false,,
2026-05-07T16:09:47Z,6d097ca,structaref,8.2804,9.4929,1.1464,false,false,,
2026-05-07T16:09:47Z,6d097ca,structaset,6.2477,46.7659,7.4853,false,false,,
2026-05-07T16:09:47Z,6d097ca,sudoku,61.5433,122.9468,1.9977,false,false,,
2026-05-07T16:09:47Z,6d097ca,throw,8.7411,14.0143,1.6033,false,false,,
2026-05-07T16:09:47Z,6d097ca,tinygql,,274.1777,,true,false,"timeout (180s)",
2026-05-07T18:09:20Z,ab6f4cf,30k_ifelse,316.0683,90.1203,0.2851,false,false,,
2026-05-07T18:09:20Z,ab6f4cf,30k_methods,153.0765,53.2215,0.3477,false,false,,
2026-05-07T18:09:20Z,ab6f4cf,activerecord,,109.0325,,true,false,"exit 1",
2026-05-07T18:09:20Z,ab6f4cf,addressable-equality,843.0302,479.5297,0.5688,false,false,,
2026-05-07T18:09:20Z,ab6f4cf,addressable-getters,187.9037,123.1157,0.6552,false,false,,
2026-05-07T18:09:20Z,ab6f4cf,addressable-join,398.0674,245.6033,0.6170,false,false,,
2026-05-07T18:09:20Z,ab6f4cf,addressable-merge,225.6643,113.0364,0.5009,false,false,,
2026-05-07T18:09:20Z,ab6f4cf,addressable-new,94.3575,54.8743,0.5816,false,false,,
2026-05-07T18:09:20Z,ab6f4cf,addressable-normalize,459.4998,271.9258,0.5918,false,false,,
2026-05-07T18:09:20Z,ab6f4cf,addressable-parse,304.3507,191.3790,0.6288,false,false,,
2026-05-07T18:09:20Z,ab6f4cf,addressable-setters,174.0681,109.1876,0.6273,false,false,,
2026-05-07T18:09:20Z,ab6f4cf,addressable-to-s,190.5656,126.5718,0.6642,false,false,,
2026-05-07T18:09:20Z,ab6f4cf,attr_accessor,9.6031,10.5455,1.0981,false,false,,
2026-05-07T18:09:20Z,ab6f4cf,binarytrees,283.2358,161.2551,0.5693,false,false,,
2026-05-07T18:09:20Z,ab6f4cf,blurhash,65.5982,137.8469,2.1014,false,false,,
2026-05-07T18:09:20Z,ab6f4cf,cfunc_itself,3.0461,19.4891,6.3980,false,false,,
2026-05-07T18:09:20Z,ab6f4cf,chunky-png,,399.1715,,true,false,"exit 1",
2026-05-07T18:09:20Z,ab6f4cf,erubi,940.6387,148.2641,0.1576,false,false,,
2026-05-07T18:09:20Z,ab6f4cf,erubi-rails,,,,true,true,"exit 1","exit 1"
2026-05-07T18:09:20Z,ab6f4cf,etanni,1078.6102,328.9729,0.3050,false,false,,
2026-05-07T18:09:20Z,ab6f4cf,fannkuchredux,59.8581,117.3941,1.9612,false,false,,
2026-05-07T18:09:20Z,ab6f4cf,fib,29.0643,28.6979,0.9874,false,false,,
2026-05-07T18:09:20Z,ab6f4cf,fluentd,,412.1567,,true,false,"exit 1",
2026-05-07T18:09:20Z,ab6f4cf,gcbench,1365.8538,663.3828,0.4857,false,false,,
2026-05-07T18:09:20Z,ab6f4cf,getivar,9.2465,8.0817,0.8740,false,false,,
2026-05-07T18:09:20Z,ab6f4cf,getivar-module,22.3155,79.5571,3.5651,false,false,,
2026-05-07T18:09:20Z,ab6f4cf,graphql,,27.7128,,true,false,"exit 1",
2026-05-07T18:09:20Z,ab6f4cf,graphql-native,,237.2461,,true,false,"exit 1",
2026-05-07T18:09:20Z,ab6f4cf,hexapdf,,,,true,true,"exit 1","timeout (300s)"
2026-05-07T18:09:20Z,ab6f4cf,keyword_args,25.7309,19.7381,0.7671,false,false,,
2026-05-07T18:09:20Z,ab6f4cf,knucleotide,148.1347,85.9509,0.5802,false,false,,
2026-05-07T18:09:20Z,ab6f4cf,lee,,703.6667,,true,false,"exit 1",
2026-05-07T18:09:20Z,ab6f4cf,liquid-c,,42.7664,,true,false,"exit 1",
2026-05-07T18:09:20Z,ab6f4cf,liquid-compile,,38.4693,,true,false,"exit 1",
2026-05-07T18:09:20Z,ab6f4cf,liquid-render,,59.9758,,true,false,"exit 1",
2026-05-07T18:09:20Z,ab6f4cf,lobsters,,,,true,true,"exit 1","timeout (300s)"
2026-05-07T18:09:20Z,ab6f4cf,loops-times,156.5068,265.0659,1.6936,false,false,,
2026-05-07T18:09:20Z,ab6f4cf,mail,,94.6073,,true,false,"exit 1",
2026-05-07T18:09:20Z,ab6f4cf,matmul,70.3637,198.7854,2.8251,false,false,,
2026-05-07T18:09:20Z,ab6f4cf,nbody,14.0223,32.7634,2.3365,false,false,,
2026-05-07T18:09:20Z,ab6f4cf,nqueens,18.0028,41.9121,2.3281,false,false,,
2026-05-07T18:09:20Z,ab6f4cf,object-new,66.9914,30.2611,0.4517,false,false,,
2026-05-07T18:09:20Z,ab6f4cf,object-new-initialize,31.6417,36.0014,1.1378,false,false,,
2026-05-07T18:09:20Z,ab6f4cf,object-new-no-escape,60.1463,70.9740,1.1800,false,false,,
2026-05-07T18:09:20Z,ab6f4cf,optcarrot,1146.8725,1303.3656,1.1365,false,false,,
2026-05-07T18:09:20Z,ab6f4cf,protoboeuf,120.6377,35.0782,0.2908,false,false,,
2026-05-07T18:09:20Z,ab6f4cf,protoboeuf-encode,123.7950,32.3715,0.2615,false,false,,
2026-05-07T18:09:20Z,ab6f4cf,psych-load,3840.8104,,,false,true,,"timeout (300s)"
2026-05-07T18:09:20Z,ab6f4cf,rack,,42.4964,,true,false,"exit 1",
2026-05-07T18:09:20Z,ab6f4cf,railsbench,,1359.0329,,true,false,"exit 1",
2026-05-07T18:09:20Z,ab6f4cf,respond_to,4.4483,7.7313,1.7380,false,false,,
2026-05-07T18:09:20Z,ab6f4cf,rubocop,,,,true,true,"exit 1","exit 1"
2026-05-07T18:09:20Z,ab6f4cf,ruby-json,,225.5995,,true,false,"exit 1",
2026-05-07T18:09:20Z,ab6f4cf,ruby-lsp,,107.5779,,true,false,"exit 1",
2026-05-07T18:09:20Z,ab6f4cf,ruby-xor,149.8882,20.1442,0.1344,false,false,,
2026-05-07T18:09:20Z,ab6f4cf,rubyboy,,1288.6861,,true,false,"exit 1",
2026-05-07T18:09:20Z,ab6f4cf,rubykon,839.7271,493.0506,0.5872,false,false,,
2026-05-07T18:09:20Z,ab6f4cf,send_bmethod,30.7490,6.8515,0.2228,false,false,,
2026-05-07T18:09:20Z,ab6f4cf,send_cfunc_block,179.5837,104.8924,0.5841,false,false,,
2026-05-07T18:09:20Z,ab6f4cf,send_rubyfunc_block,19.7520,19.3206,0.9782,false,false,,
2026-05-07T18:09:20Z,ab6f4cf,sequel,,41.6850,,true,false,"exit 1",
2026-05-07T18:09:20Z,ab6f4cf,setivar,5.6438,4.5694,0.8096,false,false,,
2026-05-07T18:09:20Z,ab6f4cf,setivar_object,5.5510,39.6161,7.1368,false,false,,
2026-05-07T18:09:20Z,ab6f4cf,setivar_young,5.3626,39.6262,7.3894,false,false,,
2026-05-07T18:09:20Z,ab6f4cf,shipit,,1059.1750,,true,false,"exit 1",
2026-05-07T18:09:20Z,ab6f4cf,splay,,48.3638,,true,false,"timeout (180s)",
2026-05-07T18:09:20Z,ab6f4cf,str_concat,94.1523,23.9710,0.2546,false,false,,
2026-05-07T18:09:20Z,ab6f4cf,structaref,8.2831,9.4886,1.1455,false,false,,
2026-05-07T18:09:20Z,ab6f4cf,structaset,6.2544,46.7831,7.4801,false,false,,
2026-05-07T18:09:20Z,ab6f4cf,sudoku,61.1466,123.2167,2.0151,false,false,,
2026-05-07T18:09:20Z,ab6f4cf,throw,7.8039,13.9636,1.7893,false,false,,
2026-05-07T18:09:20Z,ab6f4cf,tinygql,,285.1542,,true,false,"timeout (180s)",
